timestamp,unit_id,unit_type,empire_or_resistance,location_x,location_y,destination_x,destination_y,homeworld
2025-07-08 14:26:41,1,at-st,empire,3,6,9,1,Corellia
2025-07-08 14:26:40,2,resistance_soldier,empire,3,1,10,9,Umbara
2025-07-08 14:26:39,3,tie_silencer,resistance,1,10,4,7,Bestine IV
2025-07-08 14:26:38,4,unknown,resistance,1,3,2,3,Mon Cala
2025-07-08 14:26:37,5,x-wing,resistance,3,6,1,7,Glee Anselm
2025-07-08 14:26:36,6,at-at,resistance,8,10,8,6,Socorro
2025-07-08 14:26:35,7,tie_silencer,empire,10,1,8,6,Naboo
2025-07-08 14:26:34,8,resistance_soldier,resistance,7,3,2,2,Alderaan
2025-07-08 14:26:33,9,stormtrooper,empire,3,3,9,6,Tatooine
2025-07-08 14:26:32,10,at-st,empire,3,6,5,2,Ojom
2025-07-08 14:26:31,11,x-wing,empire,7,8,4,4,Malastare
2025-07-08 14:26:30,12,x-wing,empire,1,3,9,4,Skako
2025-07-08 14:26:29,13,resistance_soldier,resistance,9,4,9,2,Iktotch
2025-07-08 14:26:28,14,at-at,resistance,2,9,6,10,Naboo
2025-07-08 14:26:27,15,x-wing,empire,5,5,3,6,Toydaria
2025-07-08 14:26:26,16,at-st,resistance,6,5,8,7,Bestine IV
2025-07-08 14:26:25,17,unknown,empire,4,6,5,4,Quermia
2025-07-08 14:26:24,18,x-wing,resistance,3,3,4,7,Iktotch
2025-07-08 14:26:23,19,unknown,resistance,10,5,6,9,Dathomir
2025-07-08 14:26:22,20,at-at,empire,7,1,5,10,Eriadu
2025-07-08 14:26:21,21,at-at,resistance,8,10,4,2,Ryloth
2025-07-08 14:26:20,22,tie_fighter,empire,5,9,4,4,Trandosha
2025-07-08 14:26:19,23,stormtrooper,empire,2,7,6,8,Rodia
2025-07-08 14:26:18,24,tie_fighter,resistance,7,5,2,8,Eriadu
2025-07-08 14:26:17,25,at-st,resistance,6,4,1,9,Troiken
2025-07-08 14:26:16,26,at-at,empire,7,1,1,5,Muunilinst
2025-07-08 14:26:15,27,tie_fighter,empire,2,9,8,10,Dorin
2025-07-08 14:26:14,28,tie_fighter,empire,4,6,1,8,Muunilinst
2025-07-08 14:26:13,29,unknown,resistance,8,3,3,9,Malastare
2025-07-08 14:26:12,30,resistance_soldier,resistance,1,3,8,8,Champala
2025-07-08 14:26:11,31,tie_fighter,resistance,6,10,5,4,Iridonia
2025-07-08 14:26:10,32,at-st,empire,1,4,7,2,Quermia
2025-07-08 14:26:09,33,x-wing,resistance,7,6,3,5,Ojom
2025-07-08 14:26:08,34,unknown,resistance,4,6,1,1,Cerea
2025-07-08 14:26:07,35,tie_silencer,resistance,8,4,5,8,Alderaan
2025-07-08 14:26:06,36,resistance_soldier,resistance,8,5,5,1,Tatooine
2025-07-08 14:26:05,37,resistance_soldier,resistance,10,7,7,10,Umbara
2025-07-08 14:26:04,38,at-at,empire,10,9,1,7,Ojom
2025-07-08 14:26:03,39,unknown,resistance,2,8,6,7,Toydaria
2025-07-08 14:26:02,40,stormtrooper,empire,1,10,5,8,Umbara
2025-07-08 14:26:01,41,at-at,resistance,5,10,3,1,Ryloth
2025-07-08 14:26:00,42,resistance_soldier,resistance,9,5,1,2,Sullust
2025-07-08 14:25:59,43,x-wing,empire,1,8,3,5,Vulpter
2025-07-08 14:25:58,44,unknown,resistance,3,9,4,4,Concord Dawn
2025-07-08 14:25:57,45,x-wing,empire,3,10,5,3,Cerea
2025-07-08 14:25:56,46,x-wing,empire,4,7,6,3,Dagobah
2025-07-08 14:25:55,47,stormtrooper,resistance,10,1,8,8,Champala
2025-07-08 14:25:54,48,stormtrooper,empire,2,1,8,10,Muunilinst
2025-07-08 14:25:53,49,tie_fighter,resistance,6,7,6,9,Troiken
2025-07-08 14:25:52,50,at-st,empire,1,4,7,5,Corellia
2025-07-08 14:25:51,51,at-st,empire,6,4,6,3,Mirial
2025-07-08 14:25:50,52,tie_fighter,resistance,9,10,2,4,Zolan
2025-07-08 14:25:49,53,at-at,resistance,1,1,10,4,Shili
2025-07-08 14:25:48,54,stormtrooper,resistance,3,7,7,9,Naboo
2025-07-08 14:25:47,55,unknown,empire,7,6,3,4,Tholoth
2025-07-08 14:25:46,56,x-wing,resistance,10,1,3,7,Zolan
2025-07-08 14:25:45,57,tie_fighter,resistance,9,3,3,2,Iktotch
2025-07-08 14:25:44,58,unknown,empire,5,6,8,8,Ojom
2025-07-08 14:25:43,59,tie_fighter,empire,4,10,7,10,Tund
2025-07-08 14:25:42,60,x-wing,resistance,4,2,9,9,Iktotch
2025-07-08 14:25:41,61,tie_silencer,empire,1,5,7,2,Champala
2025-07-08 14:25:40,62,at-st,empire,3,1,9,4,Serenno
2025-07-08 14:25:39,63,at-st,empire,6,8,4,4,Malastare
2025-07-08 14:25:38,64,unknown,empire,5,4,3,9,Kalee
2025-07-08 14:25:37,65,stormtrooper,resistance,4,2,10,5,Dorin
2025-07-08 14:25:36,66,tie_fighter,resistance,1,8,5,10,Bestine IV
2025-07-08 14:25:35,67,tie_fighter,resistance,5,5,8,9,Iktotch
2025-07-08 14:25:34,68,stormtrooper,empire,10,6,4,9,Concord Dawn
2025-07-08 14:25:33,69,stormtrooper,resistance,8,7,9,1,Concord Dawn
2025-07-08 14:25:32,70,x-wing,resistance,2,10,10,9,Umbara
2025-07-08 14:25:31,71,at-at,empire,10,1,6,4,Zolan
2025-07-08 14:25:30,72,tie_fighter,resistance,3,6,10,4,Ryloth
2025-07-08 14:25:29,73,unknown,resistance,3,7,8,2,Umbara
2025-07-08 14:25:28,74,resistance_soldier,resistance,6,1,8,8,Mon Cala
2025-07-08 14:25:27,75,x-wing,resistance,1,10,10,9,Glee Anselm
2025-07-08 14:25:26,76,tie_silencer,empire,7,9,3,6,Aleen Minor
2025-07-08 14:25:25,77,x-wing,resistance,3,8,8,4,Naboo
2025-07-08 14:25:24,78,resistance_soldier,empire,2,5,6,3,Zolan
2025-07-08 14:25:23,79,resistance_soldier,empire,3,6,10,4,Corellia
2025-07-08 14:25:22,80,unknown,resistance,9,3,10,1,Dathomir
2025-07-08 14:25:21,81,resistance_soldier,resistance,10,9,8,1,Chandrila
2025-07-08 14:25:20,82,x-wing,resistance,3,6,9,8,Trandosha
2025-07-08 14:25:19,83,resistance_soldier,resistance,10,3,8,1,Troiken
2025-07-08 14:25:18,84,unknown,empire,2,10,7,3,Eriadu
2025-07-08 14:25:17,85,tie_silencer,empire,3,4,5,5,Malastare
2025-07-08 14:25:16,86,stormtrooper,empire,9,5,7,1,Tund
2025-07-08 14:25:15,87,tie_silencer,empire,6,6,3,9,Eriadu
2025-07-08 14:25:14,88,tie_fighter,resistance,2,1,5,4,Kalee
2025-07-08 14:25:13,89,tie_silencer,resistance,5,10,4,4,Mirial
2025-07-08 14:25:12,90,unknown,resistance,9,1,6,1,Iktotch
2025-07-08 14:25:11,91,stormtrooper,resistance,9,4,9,5,Stewjon
2025-07-08 14:25:10,92,x-wing,resistance,5,5,2,3,Chandrila
2025-07-08 14:25:09,93,stormtrooper,empire,9,5,6,9,Quermia
2025-07-08 14:25:08,94,x-wing,empire,6,10,8,9,Concord Dawn
2025-07-08 14:25:07,95,resistance_soldier,resistance,5,2,8,6,Shili
2025-07-08 14:25:06,96,x-wing,empire,6,8,2,9,Tholoth
2025-07-08 14:25:05,97,resistance_soldier,empire,8,9,10,5,Dagobah
2025-07-08 14:25:04,98,resistance_soldier,empire,2,6,6,3,Kashyyyk
2025-07-08 14:25:03,99,at-st,empire,9,5,10,4,Dagobah
2025-07-08 14:25:02,100,tie_silencer,resistance,7,3,4,7,Naboo
2025-07-08 14:25:01,101,unknown,empire,3,3,2,2,Skako
2025-07-08 14:25:00,102,tie_fighter,resistance,9,9,9,8,Alderaan
2025-07-08 14:24:59,103,resistance_soldier,resistance,9,7,5,7,Kalee
2025-07-08 14:24:58,104,tie_silencer,resistance,2,9,9,1,Champala
2025-07-08 14:24:57,105,tie_silencer,empire,3,3,10,8,Dorin
2025-07-08 14:24:56,106,at-st,resistance,2,6,8,10,Rodia
2025-07-08 14:24:55,107,x-wing,resistance,3,1,8,4,Trandosha
2025-07-08 14:24:54,108,x-wing,empire,3,3,2,4,Dorin
2025-07-08 14:24:53,109,unknown,resistance,2,10,5,4,Aleen Minor
2025-07-08 14:24:52,110,stormtrooper,resistance,5,6,10,5,Ojom
2025-07-08 14:24:51,111,resistance_soldier,resistance,3,1,4,1,Kashyyyk
2025-07-08 14:24:50,112,resistance_soldier,resistance,5,9,4,4,Dorin
2025-07-08 14:24:49,113,x-wing,resistance,1,1,2,1,Dagobah
2025-07-08 14:24:48,114,tie_silencer,empire,1,4,9,1,Tund
2025-07-08 14:24:47,115,unknown,resistance,3,9,10,10,Socorro
2025-07-08 14:24:46,116,unknown,empire,8,7,10,8,Corellia
2025-07-08 14:24:45,117,x-wing,empire,7,2,7,5,Kalee
2025-07-08 14:24:44,118,stormtrooper,empire,3,9,5,5,Vulpter
2025-07-08 14:24:43,119,tie_silencer,resistance,9,3,2,7,Shili
2025-07-08 14:24:42,120,tie_fighter,empire,6,9,9,7,Bestine IV
2025-07-08 14:24:41,121,at-at,resistance,5,1,8,3,Tholoth
2025-07-08 14:24:40,122,tie_silencer,empire,10,1,10,9,Quermia
2025-07-08 14:24:39,123,x-wing,empire,7,10,2,10,Stewjon
2025-07-08 14:24:38,124,at-at,empire,3,10,8,10,Muunilinst
2025-07-08 14:24:37,125,stormtrooper,empire,2,1,7,10,Mirial
2025-07-08 14:24:36,126,tie_fighter,resistance,2,4,4,2,Dathomir
2025-07-08 14:24:35,127,tie_silencer,resistance,5,1,6,3,Dathomir
2025-07-08 14:24:34,128,unknown,resistance,8,1,10,1,Umbara
2025-07-08 14:24:33,129,stormtrooper,empire,10,5,9,2,Tatooine
2025-07-08 14:24:32,130,x-wing,empire,8,7,3,8,Stewjon
2025-07-08 14:24:31,131,x-wing,empire,8,3,10,8,Muunilinst
2025-07-08 14:24:30,132,stormtrooper,empire,7,6,1,5,Serenno
2025-07-08 14:24:29,133,at-st,empire,8,9,8,1,Serenno
2025-07-08 14:24:28,134,at-at,empire,3,8,10,7,Corellia
2025-07-08 14:24:27,135,tie_silencer,empire,8,4,7,4,Socorro
2025-07-08 14:24:26,136,stormtrooper,resistance,3,4,5,1,Iridonia
2025-07-08 14:24:25,137,unknown,empire,3,2,1,2,Serenno
2025-07-08 14:24:24,138,resistance_soldier,empire,7,9,8,4,Tholoth
2025-07-08 14:24:23,139,tie_silencer,empire,4,4,9,1,Ojom
2025-07-08 14:24:22,140,unknown,empire,10,4,7,10,Muunilinst
2025-07-08 14:24:21,141,at-st,empire,10,7,5,3,Dorin
2025-07-08 14:24:20,142,stormtrooper,resistance,3,3,7,1,Alderaan
2025-07-08 14:24:19,143,at-st,resistance,6,4,5,10,Chandrila
2025-07-08 14:24:18,144,stormtrooper,empire,8,2,1,5,Chandrila
2025-07-08 14:24:17,145,resistance_soldier,empire,4,2,10,3,Trandosha
2025-07-08 14:24:16,146,at-at,resistance,10,9,4,4,Haruun Kal
2025-07-08 14:24:15,147,x-wing,empire,2,5,3,5,Stewjon
2025-07-08 14:24:14,148,at-at,resistance,5,5,10,9,Naboo
2025-07-08 14:24:13,149,tie_fighter,resistance,1,1,8,9,Kashyyyk
2025-07-08 14:24:12,150,unknown,resistance,2,9,7,3,Trandosha
2025-07-08 14:24:11,151,unknown,resistance,7,5,3,7,Toydaria
2025-07-08 14:24:10,152,tie_fighter,empire,6,10,5,9,Zolan
2025-07-08 14:24:09,153,at-at,resistance,2,5,2,10,Alderaan
2025-07-08 14:24:08,154,unknown,resistance,9,1,7,6,Haruun Kal
2025-07-08 14:24:07,155,x-wing,empire,9,4,1,2,Ojom
2025-07-08 14:24:06,156,stormtrooper,resistance,7,6,5,8,Umbara
2025-07-08 14:24:05,157,tie_fighter,empire,9,2,1,8,Vulpter
2025-07-08 14:24:04,158,unknown,empire,6,10,9,8,Naboo
2025-07-08 14:24:03,159,resistance_soldier,resistance,6,2,3,8,Iridonia
2025-07-08 14:24:02,160,tie_fighter,empire,1,5,10,2,Mirial
2025-07-08 14:24:01,161,tie_fighter,resistance,6,8,10,2,Vulpter
2025-07-08 14:24:00,162,at-at,resistance,9,9,8,5,Dathomir
2025-07-08 14:23:59,163,resistance_soldier,empire,5,9,2,5,Kalee
2025-07-08 14:23:58,164,unknown,empire,1,8,3,7,Skako
2025-07-08 14:23:57,165,stormtrooper,empire,3,9,2,5,Tund
2025-07-08 14:23:56,166,resistance_soldier,resistance,6,10,3,8,Glee Anselm
2025-07-08 14:23:55,167,stormtrooper,resistance,9,9,9,9,Iktotch
2025-07-08 14:23:54,168,tie_silencer,resistance,2,1,8,4,Umbara
2025-07-08 14:23:53,169,x-wing,resistance,2,3,10,5,Socorro
2025-07-08 14:23:52,170,stormtrooper,resistance,5,5,9,4,Alderaan
2025-07-08 14:23:51,171,tie_silencer,empire,6,4,3,3,Corellia
2025-07-08 14:23:50,172,stormtrooper,empire,1,7,7,3,Stewjon
2025-07-08 14:23:49,173,tie_silencer,resistance,6,1,3,4,Vulpter
2025-07-08 14:23:48,174,stormtrooper,resistance,4,2,3,5,Concord Dawn
2025-07-08 14:23:47,175,unknown,resistance,2,2,4,6,Dorin
2025-07-08 14:23:46,176,tie_fighter,empire,6,6,7,1,Concord Dawn
2025-07-08 14:23:45,177,unknown,resistance,4,6,3,2,Socorro
2025-07-08 14:23:44,178,unknown,resistance,9,8,8,3,Ojom
2025-07-08 14:23:43,179,resistance_soldier,empire,10,8,9,8,Bestine IV
2025-07-08 14:23:42,180,at-st,resistance,9,5,6,10,Malastare
2025-07-08 14:23:41,181,x-wing,resistance,7,2,5,10,Cerea
2025-07-08 14:23:40,182,resistance_soldier,empire,6,5,9,2,Ojom
2025-07-08 14:23:39,183,x-wing,resistance,3,8,4,1,Kashyyyk
2025-07-08 14:23:38,184,unknown,resistance,2,8,3,7,Tholoth
2025-07-08 14:23:37,185,tie_fighter,resistance,7,4,3,3,Socorro
2025-07-08 14:23:36,186,x-wing,empire,8,7,8,3,Skako
2025-07-08 14:23:35,187,unknown,empire,10,7,10,5,Kalee
2025-07-08 14:23:34,188,stormtrooper,empire,10,10,2,3,Umbara
2025-07-08 14:23:33,189,x-wing,resistance,2,1,1,3,Alderaan
2025-07-08 14:23:32,190,tie_fighter,empire,10,7,1,9,Rodia
2025-07-08 14:23:31,191,x-wing,resistance,9,2,8,4,Ojom
2025-07-08 14:23:30,192,stormtrooper,empire,5,9,5,9,Chandrila
2025-07-08 14:23:29,193,resistance_soldier,resistance,4,5,5,4,Iktotch
2025-07-08 14:23:28,194,unknown,resistance,4,9,6,1,Glee Anselm
2025-07-08 14:23:27,195,x-wing,resistance,10,3,1,9,Socorro
2025-07-08 14:23:26,196,tie_silencer,resistance,5,1,2,7,Haruun Kal
2025-07-08 14:23:25,197,resistance_soldier,resistance,5,1,9,7,Sullust
2025-07-08 14:23:24,198,at-st,empire,3,1,7,1,Eriadu
2025-07-08 14:23:23,199,tie_silencer,empire,8,3,2,9,Toydaria
2025-07-08 14:23:22,200,x-wing,empire,9,9,1,6,Dorin
2025-07-08 14:23:21,201,at-st,empire,1,2,9,1,Muunilinst
2025-07-08 14:23:20,202,unknown,empire,1,4,1,10,Umbara
2025-07-08 14:23:19,203,tie_silencer,empire,6,4,7,9,Corellia
2025-07-08 14:23:18,204,tie_fighter,resistance,7,10,9,5,Glee Anselm
2025-07-08 14:23:17,205,x-wing,resistance,1,6,10,2,Mon Cala
2025-07-08 14:23:16,206,resistance_soldier,resistance,4,1,6,7,Ryloth
2025-07-08 14:23:15,207,stormtrooper,resistance,10,4,3,2,Shili
2025-07-08 14:23:14,208,tie_silencer,empire,2,5,3,3,Serenno
2025-07-08 14:23:13,209,at-st,empire,6,1,9,6,Haruun Kal
2025-07-08 14:23:12,210,resistance_soldier,resistance,5,1,2,3,Trandosha
2025-07-08 14:23:11,211,unknown,resistance,4,2,4,3,Kalee
2025-07-08 14:23:10,212,at-at,empire,2,7,10,1,Tatooine
2025-07-08 14:23:09,213,stormtrooper,resistance,9,7,5,5,Zolan
2025-07-08 14:23:08,214,stormtrooper,empire,6,5,5,6,Naboo
2025-07-08 14:23:07,215,resistance_soldier,resistance,2,4,5,2,Socorro
2025-07-08 14:23:06,216,tie_silencer,resistance,8,2,7,5,Eriadu
2025-07-08 14:23:05,217,resistance_soldier,resistance,1,4,5,7,Chandrila
2025-07-08 14:23:04,218,tie_silencer,resistance,8,6,5,4,Aleen Minor
2025-07-08 14:23:03,219,unknown,resistance,5,7,5,9,Iktotch
2025-07-08 14:23:02,220,unknown,empire,4,10,9,1,Shili
2025-07-08 14:23:01,221,tie_silencer,resistance,5,1,2,8,Quermia
2025-07-08 14:23:00,222,at-st,resistance,1,7,5,4,Kalee
2025-07-08 14:22:59,223,at-at,empire,6,10,10,1,Corellia
2025-07-08 14:22:58,224,tie_silencer,empire,2,4,6,4,Eriadu
2025-07-08 14:22:57,225,unknown,resistance,8,9,6,9,Mon Cala
2025-07-08 14:22:56,226,x-wing,empire,8,10,4,8,Trandosha
2025-07-08 14:22:55,227,at-at,empire,6,7,6,8,Vulpter
2025-07-08 14:22:54,228,stormtrooper,empire,5,10,4,4,Serenno
2025-07-08 14:22:53,229,resistance_soldier,empire,8,2,10,5,Tatooine
2025-07-08 14:22:52,230,tie_fighter,empire,8,6,9,2,Stewjon
2025-07-08 14:22:51,231,stormtrooper,resistance,1,9,8,1,Shili
2025-07-08 14:22:50,232,x-wing,empire,1,10,8,6,Chandrila
2025-07-08 14:22:49,233,at-st,empire,1,2,9,10,Corellia
2025-07-08 14:22:48,234,unknown,resistance,1,7,10,9,Rodia
2025-07-08 14:22:47,235,stormtrooper,empire,10,4,6,8,Champala
2025-07-08 14:22:46,236,tie_fighter,empire,10,10,5,1,Champala
2025-07-08 14:22:45,237,x-wing,resistance,9,6,5,10,Naboo
2025-07-08 14:22:44,238,unknown,empire,5,4,6,10,Toydaria
2025-07-08 14:22:43,239,tie_fighter,empire,4,9,7,5,Toydaria
2025-07-08 14:22:42,240,resistance_soldier,resistance,7,4,8,2,Kalee
2025-07-08 14:22:41,241,tie_fighter,empire,4,3,10,10,Dorin
2025-07-08 14:22:40,242,tie_fighter,empire,6,7,3,2,Champala
2025-07-08 14:22:39,243,stormtrooper,resistance,9,1,7,10,Socorro
2025-07-08 14:22:38,244,at-at,empire,1,8,9,7,Rodia
2025-07-08 14:22:37,245,at-st,resistance,10,5,6,9,Troiken
2025-07-08 14:22:36,246,at-st,resistance,6,4,9,9,Dorin
2025-07-08 14:22:35,247,stormtrooper,resistance,8,7,9,3,Iktotch
2025-07-08 14:22:34,248,unknown,empire,4,8,3,1,Serenno
2025-07-08 14:22:33,249,x-wing,resistance,2,4,3,1,Mirial
2025-07-08 14:22:32,250,at-st,empire,7,4,4,10,Dagobah
2025-07-08 14:22:31,251,resistance_soldier,empire,1,1,8,1,Kalee
2025-07-08 14:22:30,252,stormtrooper,empire,7,5,8,8,Haruun Kal
2025-07-08 14:22:29,253,resistance_soldier,resistance,1,9,6,1,Toydaria
2025-07-08 14:22:28,254,at-st,resistance,4,10,6,2,Vulpter
2025-07-08 14:22:27,255,at-st,empire,8,6,1,8,Kalee
2025-07-08 14:22:26,256,at-st,resistance,9,1,4,2,Chandrila
2025-07-08 14:22:25,257,tie_silencer,empire,8,8,8,2,Stewjon
2025-07-08 14:22:24,258,tie_silencer,resistance,5,5,8,3,Glee Anselm
2025-07-08 14:22:23,259,unknown,resistance,5,9,9,4,Tatooine
2025-07-08 14:22:22,260,resistance_soldier,resistance,7,9,9,4,Haruun Kal
2025-07-08 14:22:21,261,unknown,resistance,10,6,10,2,Socorro
2025-07-08 14:22:20,262,x-wing,empire,5,9,6,6,Tund
2025-07-08 14:22:19,263,stormtrooper,resistance,5,9,8,3,Shili
2025-07-08 14:22:18,264,at-at,empire,5,4,3,5,Serenno
2025-07-08 14:22:17,265,x-wing,empire,6,5,7,3,Toydaria
2025-07-08 14:22:16,266,x-wing,empire,1,10,9,10,Mirial
2025-07-08 14:22:15,267,stormtrooper,empire,4,9,6,9,Aleen Minor
2025-07-08 14:22:14,268,at-st,empire,4,3,6,3,Toydaria
2025-07-08 14:22:13,269,resistance_soldier,resistance,2,10,4,9,Zolan
2025-07-08 14:22:12,270,tie_fighter,empire,8,6,8,3,Eriadu
2025-07-08 14:22:11,271,at-at,empire,2,6,1,6,Tund
2025-07-08 14:22:10,272,at-st,resistance,8,7,6,5,Dorin
2025-07-08 14:22:09,273,x-wing,empire,5,6,4,8,Stewjon
2025-07-08 14:22:08,274,resistance_soldier,resistance,7,4,3,6,Iktotch
2025-07-08 14:22:07,275,x-wing,resistance,2,6,2,5,Bestine IV
2025-07-08 14:22:06,276,stormtrooper,empire,6,3,2,3,Skako
2025-07-08 14:22:05,277,tie_fighter,resistance,4,7,1,7,Dathomir
2025-07-08 14:22:04,278,stormtrooper,resistance,4,3,3,8,Dagobah
2025-07-08 14:22:03,279,x-wing,resistance,5,10,9,5,Stewjon
2025-07-08 14:22:02,280,stormtrooper,resistance,6,2,5,6,Champala
2025-07-08 14:22:01,281,tie_fighter,empire,5,5,5,2,Concord Dawn
2025-07-08 14:22:00,282,at-at,empire,5,9,7,6,Dathomir
2025-07-08 14:21:59,283,tie_fighter,empire,3,7,5,1,Tund
2025-07-08 14:21:58,284,tie_silencer,resistance,1,9,2,4,Alderaan
2025-07-08 14:21:57,285,stormtrooper,empire,6,9,5,8,Dathomir
2025-07-08 14:21:56,286,resistance_soldier,empire,9,8,8,2,Troiken
2025-07-08 14:21:55,287,at-st,empire,7,6,4,3,Corellia
2025-07-08 14:21:54,288,stormtrooper,resistance,1,9,6,6,Naboo
2025-07-08 14:21:53,289,stormtrooper,resistance,4,8,4,10,Tund
2025-07-08 14:21:52,290,tie_silencer,empire,5,9,6,10,Stewjon
2025-07-08 14:21:51,291,unknown,resistance,1,9,3,2,Socorro
2025-07-08 14:21:50,292,x-wing,resistance,3,1,10,9,Glee Anselm
2025-07-08 14:21:49,293,resistance_soldier,empire,8,8,6,3,Muunilinst
2025-07-08 14:21:48,294,at-at,empire,4,6,8,2,Ojom
2025-07-08 14:21:47,295,stormtrooper,empire,7,8,8,10,Aleen Minor
2025-07-08 14:21:46,296,x-wing,resistance,5,7,5,2,Skako
2025-07-08 14:21:45,297,unknown,resistance,9,3,10,7,Kalee
2025-07-08 14:21:44,298,tie_fighter,empire,4,6,7,9,Skako
2025-07-08 14:21:43,299,x-wing,resistance,9,3,8,4,Tholoth
2025-07-08 14:21:42,300,stormtrooper,empire,4,2,5,5,Muunilinst
2025-07-08 14:21:41,301,tie_fighter,empire,4,10,8,9,Iktotch
2025-07-08 14:21:40,302,resistance_soldier,empire,3,8,1,1,Tund
2025-07-08 14:21:39,303,tie_fighter,resistance,8,6,5,2,Dathomir
2025-07-08 14:21:38,304,resistance_soldier,resistance,7,10,1,4,Skako
2025-07-08 14:21:37,305,at-at,empire,2,9,1,2,Stewjon
2025-07-08 14:21:36,306,at-at,resistance,5,10,7,5,Trandosha
2025-07-08 14:21:35,307,tie_silencer,empire,6,9,9,6,Troiken
2025-07-08 14:21:34,308,resistance_soldier,resistance,6,6,7,1,Kashyyyk
2025-07-08 14:21:33,309,resistance_soldier,empire,3,7,6,10,Serenno
2025-07-08 14:21:32,310,at-st,empire,7,9,3,9,Eriadu
2025-07-08 14:21:31,311,unknown,empire,9,4,1,10,Serenno
2025-07-08 14:21:30,312,x-wing,resistance,10,7,5,4,Haruun Kal
2025-07-08 14:21:29,313,stormtrooper,empire,6,6,7,8,Toydaria
2025-07-08 14:21:28,314,at-at,resistance,10,9,8,7,Troiken
2025-07-08 14:21:27,315,stormtrooper,resistance,5,5,7,4,Alderaan
2025-07-08 14:21:26,316,tie_silencer,empire,9,9,2,2,Dathomir
2025-07-08 14:21:25,317,at-at,empire,7,6,7,1,Trandosha
2025-07-08 14:21:24,318,x-wing,resistance,8,9,10,10,Troiken
2025-07-08 14:21:23,319,tie_silencer,resistance,6,4,10,7,Bestine IV
2025-07-08 14:21:22,320,tie_silencer,empire,7,3,5,5,Serenno
2025-07-08 14:21:21,321,at-at,resistance,7,8,4,6,Champala
2025-07-08 14:21:20,322,resistance_soldier,resistance,7,6,5,1,Eriadu
2025-07-08 14:21:19,323,at-st,resistance,5,1,6,5,Zolan
2025-07-08 14:21:18,324,stormtrooper,resistance,1,5,3,6,Vulpter
2025-07-08 14:21:17,325,at-st,empire,2,8,8,10,Eriadu
2025-07-08 14:21:16,326,stormtrooper,empire,3,2,9,10,Malastare
2025-07-08 14:21:15,327,x-wing,empire,4,8,2,1,Zolan
2025-07-08 14:21:14,328,unknown,empire,8,8,10,1,Vulpter
2025-07-08 14:21:13,329,at-at,empire,7,10,6,1,Tund
2025-07-08 14:21:12,330,stormtrooper,resistance,9,1,6,6,Iridonia
2025-07-08 14:21:11,331,tie_silencer,empire,4,1,6,3,Socorro
2025-07-08 14:21:10,332,stormtrooper,resistance,2,5,4,6,Vulpter
2025-07-08 14:21:09,333,at-at,resistance,2,1,1,3,Alderaan
2025-07-08 14:21:08,334,x-wing,resistance,3,10,8,6,Tatooine
2025-07-08 14:21:07,335,unknown,empire,6,9,8,10,Cerea
2025-07-08 14:21:06,336,x-wing,empire,10,2,6,9,Quermia
2025-07-08 14:21:05,337,tie_fighter,empire,1,6,10,6,Cerea
2025-07-08 14:21:04,338,x-wing,resistance,3,4,5,1,Iktotch
2025-07-08 14:21:03,339,tie_fighter,resistance,2,8,3,8,Kashyyyk
2025-07-08 14:21:02,340,unknown,resistance,2,6,8,2,Iridonia
2025-07-08 14:21:01,341,stormtrooper,empire,8,1,9,6,Umbara
2025-07-08 14:21:00,342,stormtrooper,resistance,6,8,8,3,Mon Cala
2025-07-08 14:20:59,343,at-at,resistance,8,5,4,8,Kalee
2025-07-08 14:20:58,344,tie_fighter,empire,9,2,3,5,Mirial
2025-07-08 14:20:57,345,resistance_soldier,empire,10,1,1,1,Dorin
2025-07-08 14:20:56,346,x-wing,resistance,8,1,10,2,Alderaan
2025-07-08 14:20:55,347,at-at,resistance,4,4,7,6,Socorro
2025-07-08 14:20:54,348,tie_fighter,resistance,10,7,7,6,Tatooine
2025-07-08 14:20:53,349,resistance_soldier,resistance,5,3,10,10,Dorin
2025-07-08 14:20:52,350,at-st,empire,10,7,3,7,Kalee
2025-07-08 14:20:51,351,resistance_soldier,resistance,9,7,1,10,Iridonia
2025-07-08 14:20:50,352,tie_fighter,empire,9,7,5,8,Kalee
2025-07-08 14:20:49,353,tie_fighter,resistance,1,2,2,3,Umbara
2025-07-08 14:20:48,354,at-at,resistance,1,9,3,5,Mon Cala
2025-07-08 14:20:47,355,stormtrooper,resistance,7,1,9,1,Malastare
2025-07-08 14:20:46,356,at-at,empire,9,2,6,1,Naboo
2025-07-08 14:20:45,357,stormtrooper,empire,6,3,6,5,Shili
2025-07-08 14:20:44,358,tie_silencer,resistance,5,2,9,5,Chandrila
2025-07-08 14:20:43,359,at-st,empire,3,5,4,3,Toydaria
2025-07-08 14:20:42,360,at-st,resistance,5,7,6,5,Dathomir
2025-07-08 14:20:41,361,unknown,empire,4,10,4,4,Cerea
2025-07-08 14:20:40,362,at-at,resistance,3,5,9,2,Ojom
2025-07-08 14:20:39,363,tie_silencer,empire,6,5,7,3,Tatooine
2025-07-08 14:20:38,364,x-wing,empire,2,5,8,4,Tatooine
2025-07-08 14:20:37,365,tie_fighter,resistance,8,4,1,9,Tatooine
2025-07-08 14:20:36,366,x-wing,resistance,7,8,2,1,Vulpter
2025-07-08 14:20:35,367,at-st,empire,3,8,1,1,Naboo
2025-07-08 14:20:34,368,x-wing,resistance,1,10,4,6,Vulpter
2025-07-08 14:20:33,369,stormtrooper,resistance,4,5,8,10,Kashyyyk
2025-07-08 14:20:32,370,tie_fighter,empire,4,2,10,2,Muunilinst
2025-07-08 14:20:31,371,x-wing,empire,6,7,5,9,Zolan
2025-07-08 14:20:30,372,tie_silencer,resistance,6,10,10,1,Iridonia
2025-07-08 14:20:29,373,at-at,resistance,3,7,3,4,Vulpter
2025-07-08 14:20:28,374,resistance_soldier,empire,4,5,5,7,Toydaria
2025-07-08 14:20:27,375,at-at,empire,4,8,2,1,Muunilinst
2025-07-08 14:20:26,376,resistance_soldier,empire,1,9,9,6,Zolan
2025-07-08 14:20:25,377,at-st,empire,10,7,9,7,Skako
2025-07-08 14:20:24,378,tie_silencer,empire,8,8,2,3,Muunilinst
2025-07-08 14:20:23,379,x-wing,resistance,4,7,1,4,Champala
2025-07-08 14:20:22,380,unknown,resistance,8,9,8,3,Glee Anselm
2025-07-08 14:20:21,381,resistance_soldier,resistance,10,7,5,2,Sullust
2025-07-08 14:20:20,382,at-at,resistance,6,5,8,5,Alderaan
2025-07-08 14:20:19,383,resistance_soldier,empire,7,2,2,9,Kalee
2025-07-08 14:20:18,384,tie_silencer,empire,9,1,4,5,Serenno
2025-07-08 14:20:17,385,at-at,empire,1,3,5,1,Serenno
2025-07-08 14:20:16,386,x-wing,empire,9,3,6,7,Stewjon
2025-07-08 14:20:15,387,tie_silencer,empire,7,5,7,10,Dagobah
2025-07-08 14:20:14,388,resistance_soldier,empire,8,8,5,1,Tatooine
2025-07-08 14:20:13,389,tie_fighter,resistance,9,4,1,4,Malastare
2025-07-08 14:20:12,390,tie_fighter,resistance,10,8,4,5,Kalee
2025-07-08 14:20:11,391,tie_fighter,empire,9,2,5,3,Trandosha
2025-07-08 14:20:10,392,at-st,empire,9,10,9,6,Concord Dawn
2025-07-08 14:20:09,393,stormtrooper,resistance,2,9,7,5,Rodia
2025-07-08 14:20:08,394,at-st,resistance,4,2,8,8,Naboo
2025-07-08 14:20:07,395,at-at,resistance,7,4,3,3,Concord Dawn
2025-07-08 14:20:06,396,x-wing,resistance,6,3,7,2,Shili
2025-07-08 14:20:05,397,tie_fighter,resistance,5,6,9,5,Eriadu
2025-07-08 14:20:04,398,unknown,resistance,1,5,7,9,Naboo
2025-07-08 14:20:03,399,tie_fighter,empire,5,6,9,6,Ojom
2025-07-08 14:20:02,400,at-st,resistance,2,6,7,3,Mon Cala
2025-07-08 14:20:01,401,tie_silencer,resistance,1,2,2,10,Aleen Minor
2025-07-08 14:20:00,402,x-wing,empire,2,3,8,3,Mirial
2025-07-08 14:19:59,403,stormtrooper,empire,5,7,8,2,Kashyyyk
2025-07-08 14:19:58,404,tie_fighter,empire,6,5,6,2,Naboo
2025-07-08 14:19:57,405,at-at,resistance,3,8,2,7,Ryloth
2025-07-08 14:19:56,406,at-st,empire,2,4,1,2,Iridonia
2025-07-08 14:19:55,407,resistance_soldier,resistance,3,7,6,6,Haruun Kal
2025-07-08 14:19:54,408,tie_silencer,empire,7,5,10,1,Cerea
2025-07-08 14:19:53,409,tie_silencer,resistance,4,6,1,3,Mirial
2025-07-08 14:19:52,410,at-at,resistance,1,1,1,6,Ryloth
2025-07-08 14:19:51,411,tie_fighter,empire,2,3,4,3,Tund
2025-07-08 14:19:50,412,resistance_soldier,resistance,8,8,4,9,Iktotch
2025-07-08 14:19:49,413,tie_fighter,empire,8,7,3,3,Naboo
2025-07-08 14:19:48,414,at-st,resistance,9,5,5,6,Vulpter
2025-07-08 14:19:47,415,at-at,resistance,8,9,8,4,Skako
2025-07-08 14:19:46,416,stormtrooper,resistance,3,1,9,8,Dathomir
2025-07-08 14:19:45,417,x-wing,resistance,1,9,6,9,Zolan
2025-07-08 14:19:44,418,stormtrooper,resistance,6,4,1,5,Ryloth
2025-07-08 14:19:43,419,resistance_soldier,resistance,10,3,6,9,Cerea
2025-07-08 14:19:42,420,stormtrooper,empire,1,9,8,4,Mirial
2025-07-08 14:19:41,421,resistance_soldier,empire,3,9,10,4,Tund
2025-07-08 14:19:40,422,tie_fighter,empire,3,8,7,3,Ojom
2025-07-08 14:19:39,423,resistance_soldier,resistance,2,1,7,5,Iktotch
2025-07-08 14:19:38,424,tie_fighter,resistance,2,7,1,6,Ojom
2025-07-08 14:19:37,425,tie_fighter,empire,8,7,5,3,Concord Dawn
2025-07-08 14:19:36,426,tie_fighter,resistance,3,8,4,4,Socorro
2025-07-08 14:19:35,427,stormtrooper,empire,9,1,10,1,Skako
2025-07-08 14:19:34,428,at-at,empire,7,5,6,6,Trandosha
2025-07-08 14:19:33,429,at-st,empire,4,8,2,2,Iktotch
2025-07-08 14:19:32,430,at-at,resistance,3,10,3,5,Kalee
2025-07-08 14:19:31,431,unknown,resistance,9,9,4,1,Socorro
2025-07-08 14:19:30,432,unknown,resistance,10,8,10,2,Ryloth
2025-07-08 14:19:29,433,tie_fighter,empire,1,7,8,8,Malastare
2025-07-08 14:19:28,434,at-at,resistance,6,3,1,4,Dorin
2025-07-08 14:19:27,435,tie_fighter,empire,1,4,5,8,Serenno
2025-07-08 14:19:26,436,at-st,resistance,8,10,9,4,Sullust
2025-07-08 14:19:25,437,stormtrooper,empire,5,1,6,3,Eriadu
2025-07-08 14:19:24,438,resistance_soldier,resistance,4,6,8,9,Glee Anselm
2025-07-08 14:19:23,439,tie_fighter,resistance,7,7,2,7,Iktotch
2025-07-08 14:19:22,440,resistance_soldier,empire,2,9,9,1,Cerea
2025-07-08 14:19:21,441,at-at,empire,1,10,10,6,Malastare
2025-07-08 14:19:20,442,resistance_soldier,resistance,6,1,1,5,Sullust
2025-07-08 14:19:19,443,at-st,empire,3,4,6,1,Tatooine
2025-07-08 14:19:18,444,at-st,resistance,8,6,4,1,Ryloth
2025-07-08 14:19:17,445,tie_silencer,empire,9,10,4,8,Zolan
2025-07-08 14:19:16,446,tie_fighter,resistance,1,8,8,1,Troiken
2025-07-08 14:19:15,447,resistance_soldier,resistance,7,8,10,4,Troiken
2025-07-08 14:19:14,448,at-st,empire,2,5,5,8,Serenno
2025-07-08 14:19:13,449,at-st,resistance,10,3,7,3,Tholoth
2025-07-08 14:19:12,450,tie_silencer,resistance,2,3,3,3,Corellia
2025-07-08 14:19:11,451,x-wing,empire,5,8,2,2,Bestine IV
2025-07-08 14:19:10,452,x-wing,resistance,9,6,10,8,Ojom
2025-07-08 14:19:09,453,at-st,resistance,10,5,7,1,Chandrila
2025-07-08 14:19:08,454,at-st,empire,3,8,10,6,Iridonia
2025-07-08 14:19:07,455,at-at,resistance,5,4,6,1,Ryloth
2025-07-08 14:19:06,456,tie_fighter,resistance,1,2,1,5,Dathomir
2025-07-08 14:19:05,457,tie_silencer,resistance,1,3,4,6,Ryloth
2025-07-08 14:19:04,458,tie_silencer,empire,8,2,8,10,Stewjon
2025-07-08 14:19:03,459,tie_silencer,resistance,3,1,9,6,Dathomir
2025-07-08 14:19:02,460,tie_silencer,resistance,8,9,10,4,Dorin
2025-07-08 14:19:01,461,tie_fighter,resistance,4,4,5,6,Aleen Minor
2025-07-08 14:19:00,462,tie_fighter,resistance,8,10,10,7,Mirial
2025-07-08 14:18:59,463,resistance_soldier,empire,7,4,8,10,Cerea
2025-07-08 14:18:58,464,tie_silencer,resistance,4,10,6,7,Alderaan
2025-07-08 14:18:57,465,resistance_soldier,empire,6,7,6,3,Tatooine
2025-07-08 14:18:56,466,at-at,empire,7,8,3,5,Champala
2025-07-08 14:18:55,467,at-at,resistance,4,3,10,3,Sullust
2025-07-08 14:18:54,468,at-st,empire,2,9,1,9,Cerea
2025-07-08 14:18:53,469,stormtrooper,resistance,9,4,5,4,Kashyyyk
2025-07-08 14:18:52,470,tie_silencer,resistance,10,8,8,3,Haruun Kal
2025-07-08 14:18:51,471,resistance_soldier,resistance,6,6,8,10,Quermia
2025-07-08 14:18:50,472,unknown,resistance,2,2,3,2,Naboo
2025-07-08 14:18:49,473,resistance_soldier,empire,9,4,10,8,Shili
2025-07-08 14:18:48,474,at-at,empire,6,10,9,10,Corellia
2025-07-08 14:18:47,475,x-wing,empire,9,1,2,5,Naboo
2025-07-08 14:18:46,476,tie_fighter,empire,4,7,3,10,Tholoth
2025-07-08 14:18:45,477,unknown,resistance,5,9,2,2,Stewjon
2025-07-08 14:18:44,478,tie_fighter,resistance,8,1,3,7,Umbara
2025-07-08 14:18:43,479,x-wing,empire,8,8,2,4,Naboo
2025-07-08 14:18:42,480,x-wing,empire,9,3,6,1,Quermia
2025-07-08 14:18:41,481,at-st,empire,5,7,1,10,Skako
2025-07-08 14:18:40,482,stormtrooper,empire,4,4,4,5,Malastare
2025-07-08 14:18:39,483,stormtrooper,empire,4,10,3,2,Muunilinst
2025-07-08 14:18:38,484,at-st,resistance,5,9,9,6,Tatooine
2025-07-08 14:18:37,485,resistance_soldier,empire,9,4,2,10,Skako
2025-07-08 14:18:36,486,unknown,resistance,1,2,10,10,Mon Cala
2025-07-08 14:18:35,487,unknown,empire,1,2,2,10,Iridonia
2025-07-08 14:18:34,488,x-wing,resistance,4,8,6,6,Socorro
2025-07-08 14:18:33,489,unknown,empire,9,1,9,9,Concord Dawn
2025-07-08 14:18:32,490,at-st,resistance,8,2,6,10,Chandrila
2025-07-08 14:18:31,491,x-wing,resistance,4,2,7,3,Mirial
2025-07-08 14:18:30,492,unknown,resistance,1,10,1,1,Chandrila
2025-07-08 14:18:29,493,unknown,empire,9,4,4,3,Troiken
2025-07-08 14:18:28,494,at-at,empire,8,5,8,7,Skako
2025-07-08 14:18:27,495,tie_silencer,resistance,9,1,4,3,Mon Cala
2025-07-08 14:18:26,496,at-at,empire,8,9,4,4,Tholoth
2025-07-08 14:18:25,497,at-st,resistance,2,7,8,6,Dagobah
2025-07-08 14:18:24,498,tie_silencer,resistance,7,3,6,6,Iktotch
2025-07-08 14:18:23,499,stormtrooper,resistance,10,8,5,1,Malastare
2025-07-08 14:18:22,500,at-at,resistance,6,8,8,5,Glee Anselm
2025-07-08 14:18:21,501,unknown,empire,1,8,10,8,Ojom
2025-07-08 14:18:20,502,at-at,empire,2,4,5,5,Troiken
2025-07-08 14:18:19,503,resistance_soldier,empire,4,1,4,10,Chandrila
2025-07-08 14:18:18,504,unknown,empire,6,6,3,4,Rodia
2025-07-08 14:18:17,505,unknown,empire,10,10,5,7,Malastare
2025-07-08 14:18:16,506,resistance_soldier,resistance,6,1,1,10,Naboo
2025-07-08 14:18:15,507,at-st,resistance,10,6,8,1,Dorin
2025-07-08 14:18:14,508,at-st,resistance,1,2,1,8,Kashyyyk
2025-07-08 14:18:13,509,x-wing,empire,2,1,2,4,Umbara
2025-07-08 14:18:12,510,resistance_soldier,resistance,10,6,10,6,Tholoth
2025-07-08 14:18:11,511,tie_fighter,empire,9,8,9,9,Kashyyyk
2025-07-08 14:18:10,512,x-wing,empire,3,9,5,7,Zolan
2025-07-08 14:18:09,513,resistance_soldier,empire,10,5,10,2,Tatooine
2025-07-08 14:18:08,514,stormtrooper,empire,3,4,8,2,Stewjon
2025-07-08 14:18:07,515,tie_silencer,resistance,5,2,10,8,Ryloth
2025-07-08 14:18:06,516,unknown,empire,2,4,10,6,Muunilinst
2025-07-08 14:18:05,517,unknown,empire,4,2,10,8,Iktotch
2025-07-08 14:18:04,518,unknown,resistance,10,3,4,6,Toydaria
2025-07-08 14:18:03,519,at-st,empire,6,10,3,6,Dagobah
2025-07-08 14:18:02,520,stormtrooper,empire,6,1,6,9,Aleen Minor
2025-07-08 14:18:01,521,at-st,resistance,10,2,4,3,Kashyyyk
2025-07-08 14:18:00,522,at-st,resistance,2,8,7,1,Mon Cala
2025-07-08 14:17:59,523,tie_silencer,empire,8,7,3,9,Cerea
2025-07-08 14:17:58,524,at-at,empire,8,10,6,4,Vulpter
2025-07-08 14:17:57,525,stormtrooper,resistance,2,1,7,6,Umbara
2025-07-08 14:17:56,526,unknown,empire,4,3,2,3,Ojom
2025-07-08 14:17:55,527,stormtrooper,empire,2,9,9,5,Toydaria
2025-07-08 14:17:54,528,x-wing,empire,2,4,4,9,Haruun Kal
2025-07-08 14:17:53,529,unknown,empire,1,3,2,7,Skako
2025-07-08 14:17:52,530,tie_silencer,empire,1,4,7,9,Skako
2025-07-08 14:17:51,531,unknown,empire,7,9,9,2,Rodia
2025-07-08 14:17:50,532,at-at,resistance,10,10,5,9,Chandrila
2025-07-08 14:17:49,533,stormtrooper,resistance,10,1,2,8,Kashyyyk
2025-07-08 14:17:48,534,at-st,empire,3,3,8,6,Dorin
2025-07-08 14:17:47,535,at-st,empire,4,5,8,6,Iridonia
2025-07-08 14:17:46,536,at-st,empire,6,4,4,7,Corellia
2025-07-08 14:17:45,537,stormtrooper,resistance,8,10,2,5,Iridonia
2025-07-08 14:17:44,538,x-wing,empire,1,2,4,4,Zolan
2025-07-08 14:17:43,539,at-st,empire,10,6,4,5,Concord Dawn
2025-07-08 14:17:42,540,unknown,empire,9,2,9,4,Dagobah
2025-07-08 14:17:41,541,x-wing,empire,8,1,9,2,Mirial
2025-07-08 14:17:40,542,x-wing,resistance,7,8,4,2,Umbara
2025-07-08 14:17:39,543,x-wing,empire,3,2,7,7,Corellia
2025-07-08 14:17:38,544,at-at,resistance,1,6,7,5,Umbara
2025-07-08 14:17:37,545,at-at,resistance,4,3,2,9,Zolan
2025-07-08 14:17:36,546,resistance_soldier,resistance,9,4,3,2,Glee Anselm
2025-07-08 14:17:35,547,stormtrooper,resistance,5,4,2,9,Kashyyyk
2025-07-08 14:17:34,548,resistance_soldier,resistance,9,5,5,10,Stewjon
2025-07-08 14:17:33,549,resistance_soldier,empire,4,4,7,8,Concord Dawn
2025-07-08 14:17:32,550,tie_fighter,empire,8,7,8,1,Haruun Kal
2025-07-08 14:17:31,551,at-at,empire,3,2,8,9,Trandosha
2025-07-08 14:17:30,552,at-st,resistance,6,7,7,3,Kalee
2025-07-08 14:17:29,553,at-at,empire,6,9,7,3,Aleen Minor
2025-07-08 14:17:28,554,at-at,resistance,8,10,2,10,Socorro
2025-07-08 14:17:27,555,unknown,resistance,9,5,1,5,Alderaan
2025-07-08 14:17:26,556,unknown,empire,3,6,6,9,Trandosha
2025-07-08 14:17:25,557,stormtrooper,empire,7,10,1,1,Dorin
2025-07-08 14:17:24,558,resistance_soldier,resistance,4,4,4,6,Sullust
2025-07-08 14:17:23,559,tie_fighter,resistance,2,6,10,10,Concord Dawn
2025-07-08 14:17:22,560,tie_silencer,empire,1,2,1,5,Muunilinst
2025-07-08 14:17:21,561,x-wing,empire,7,5,10,1,Tholoth
2025-07-08 14:17:20,562,at-st,empire,6,6,8,9,Malastare
2025-07-08 14:17:19,563,stormtrooper,empire,10,10,2,9,Tholoth
2025-07-08 14:17:18,564,stormtrooper,empire,10,7,2,3,Cerea
2025-07-08 14:17:17,565,at-st,empire,9,1,2,7,Iridonia
2025-07-08 14:17:16,566,tie_silencer,resistance,6,1,8,10,Vulpter
2025-07-08 14:17:15,567,unknown,resistance,10,1,7,2,Mon Cala
2025-07-08 14:17:14,568,at-at,resistance,5,8,4,6,Glee Anselm
2025-07-08 14:17:13,569,at-st,empire,7,7,1,10,Aleen Minor
2025-07-08 14:17:12,570,at-st,resistance,9,8,9,5,Iktotch
2025-07-08 14:17:11,571,at-at,empire,10,10,7,1,Naboo
2025-07-08 14:17:10,572,resistance_soldier,empire,1,9,9,6,Muunilinst
2025-07-08 14:17:09,573,tie_fighter,resistance,10,9,9,6,Muunilinst
2025-07-08 14:17:08,574,tie_silencer,resistance,6,9,2,1,Iktotch
2025-07-08 14:17:07,575,resistance_soldier,resistance,6,4,1,9,Quermia
2025-07-08 14:17:06,576,stormtrooper,resistance,4,8,8,3,Iktotch
2025-07-08 14:17:05,577,at-st,empire,1,10,9,5,Eriadu
2025-07-08 14:17:04,578,unknown,resistance,4,3,10,2,Dorin
2025-07-08 14:17:03,579,resistance_soldier,empire,10,2,3,3,Muunilinst
2025-07-08 14:17:02,580,tie_silencer,empire,3,2,4,5,Mirial
2025-07-08 14:17:01,581,tie_fighter,resistance,5,9,2,9,Aleen Minor
2025-07-08 14:17:00,582,resistance_soldier,resistance,10,8,9,2,Alderaan
2025-07-08 14:16:59,583,unknown,resistance,5,4,10,6,Alderaan
2025-07-08 14:16:58,584,stormtrooper,resistance,9,4,5,3,Kashyyyk
2025-07-08 14:16:57,585,tie_fighter,resistance,7,7,1,10,Ojom
2025-07-08 14:16:56,586,tie_fighter,resistance,5,9,5,3,Champala
2025-07-08 14:16:55,587,at-at,resistance,4,10,9,9,Umbara
2025-07-08 14:16:54,588,at-at,resistance,6,3,1,2,Alderaan
2025-07-08 14:16:53,589,at-at,resistance,3,7,4,7,Rodia
2025-07-08 14:16:52,590,at-at,empire,10,1,3,1,Tholoth
2025-07-08 14:16:51,591,stormtrooper,empire,7,2,2,3,Mirial
2025-07-08 14:16:50,592,at-st,resistance,2,7,2,3,Socorro
2025-07-08 14:16:49,593,stormtrooper,empire,2,8,9,3,Stewjon
2025-07-08 14:16:48,594,resistance_soldier,empire,9,3,2,1,Dorin
2025-07-08 14:16:47,595,tie_fighter,empire,9,4,8,4,Stewjon
2025-07-08 14:16:46,596,tie_silencer,empire,3,10,5,7,Vulpter
2025-07-08 14:16:45,597,x-wing,empire,3,4,5,9,Tund
2025-07-08 14:16:44,598,at-st,empire,10,10,6,4,Haruun Kal
2025-07-08 14:16:43,599,x-wing,empire,1,3,8,2,Dagobah
2025-07-08 14:16:42,600,stormtrooper,empire,3,7,10,5,Quermia
2025-07-08 14:16:41,601,at-st,resistance,1,6,7,8,Trandosha
2025-07-08 14:16:40,602,stormtrooper,empire,5,3,7,4,Muunilinst
2025-07-08 14:16:39,603,x-wing,empire,1,5,10,7,Umbara
2025-07-08 14:16:38,604,stormtrooper,empire,6,7,1,8,Quermia
2025-07-08 14:16:37,605,at-st,resistance,10,9,7,7,Alderaan
2025-07-08 14:16:36,606,at-at,empire,5,1,3,4,Vulpter
2025-07-08 14:16:35,607,at-at,resistance,6,2,10,9,Glee Anselm
2025-07-08 14:16:34,608,resistance_soldier,resistance,10,3,10,4,Vulpter
2025-07-08 14:16:33,609,at-at,empire,1,5,5,2,Toydaria
2025-07-08 14:16:32,610,at-st,empire,3,7,3,5,Zolan
2025-07-08 14:16:31,611,stormtrooper,empire,1,3,6,9,Concord Dawn
2025-07-08 14:16:30,612,stormtrooper,resistance,7,6,6,1,Chandrila
2025-07-08 14:16:29,613,at-at,resistance,4,7,5,7,Ryloth
2025-07-08 14:16:28,614,x-wing,empire,3,8,9,8,Zolan
2025-07-08 14:16:27,615,at-st,empire,1,3,10,7,Eriadu
2025-07-08 14:16:26,616,resistance_soldier,empire,5,1,1,6,Tholoth
2025-07-08 14:16:25,617,tie_fighter,resistance,5,9,1,4,Alderaan
2025-07-08 14:16:24,618,tie_silencer,resistance,3,6,3,1,Socorro
2025-07-08 14:16:23,619,resistance_soldier,resistance,9,8,6,3,Socorro
2025-07-08 14:16:22,620,tie_fighter,resistance,9,6,6,1,Skako
2025-07-08 14:16:21,621,x-wing,empire,10,5,10,8,Haruun Kal
2025-07-08 14:16:20,622,at-st,empire,8,3,3,6,Corellia
2025-07-08 14:16:19,623,resistance_soldier,empire,10,6,10,5,Stewjon
2025-07-08 14:16:18,624,x-wing,empire,5,1,7,6,Malastare
2025-07-08 14:16:17,625,tie_silencer,resistance,8,3,3,4,Ryloth
2025-07-08 14:16:16,626,at-at,resistance,7,3,7,3,Bestine IV
2025-07-08 14:16:15,627,at-at,empire,1,5,2,10,Rodia
2025-07-08 14:16:14,628,resistance_soldier,resistance,7,5,10,3,Toydaria
2025-07-08 14:16:13,629,x-wing,resistance,9,10,4,8,Tatooine
2025-07-08 14:16:12,630,tie_fighter,resistance,10,3,6,9,Skako
2025-07-08 14:16:11,631,tie_silencer,resistance,10,4,3,5,Sullust
2025-07-08 14:16:10,632,at-at,empire,2,4,1,4,Trandosha
2025-07-08 14:16:09,633,tie_fighter,resistance,7,8,6,4,Champala
2025-07-08 14:16:08,634,tie_fighter,empire,1,8,7,2,Dagobah
2025-07-08 14:16:07,635,at-st,resistance,7,8,8,4,Kashyyyk
2025-07-08 14:16:06,636,x-wing,resistance,6,10,10,2,Zolan
2025-07-08 14:16:05,637,at-st,resistance,3,2,7,4,Ryloth
2025-07-08 14:16:04,638,x-wing,resistance,1,1,9,1,Dathomir
2025-07-08 14:16:03,639,resistance_soldier,resistance,9,9,7,8,Troiken
2025-07-08 14:16:02,640,resistance_soldier,resistance,6,4,3,3,Ojom
2025-07-08 14:16:01,641,stormtrooper,resistance,8,6,9,3,Mon Cala
2025-07-08 14:16:00,642,at-at,empire,6,4,2,5,Tund
2025-07-08 14:15:59,643,at-st,empire,1,2,1,6,Chandrila
2025-07-08 14:15:58,644,at-st,empire,8,8,6,7,Mon Cala
2025-07-08 14:15:57,645,resistance_soldier,empire,10,10,4,5,Tund
2025-07-08 14:15:56,646,stormtrooper,resistance,3,8,8,4,Toydaria
2025-07-08 14:15:55,647,unknown,resistance,1,7,8,2,Stewjon
2025-07-08 14:15:54,648,stormtrooper,empire,6,2,6,10,Tund
2025-07-08 14:15:53,649,at-st,resistance,7,3,5,8,Zolan
2025-07-08 14:15:52,650,stormtrooper,empire,10,3,4,8,Eriadu
2025-07-08 14:15:51,651,x-wing,empire,8,3,1,4,Naboo
2025-07-08 14:15:50,652,tie_silencer,empire,5,2,8,6,Vulpter
2025-07-08 14:15:49,653,tie_silencer,empire,3,5,5,4,Serenno
2025-07-08 14:15:48,654,x-wing,empire,3,6,5,10,Tund
2025-07-08 14:15:47,655,tie_fighter,empire,5,8,6,9,Zolan
2025-07-08 14:15:46,656,tie_fighter,empire,8,2,7,3,Corellia
2025-07-08 14:15:45,657,at-at,resistance,4,7,8,7,Haruun Kal
2025-07-08 14:15:44,658,tie_silencer,resistance,1,5,2,1,Naboo
2025-07-08 14:15:43,659,tie_fighter,empire,5,4,8,8,Toydaria
2025-07-08 14:15:42,660,stormtrooper,empire,5,7,3,5,Corellia
2025-07-08 14:15:41,661,x-wing,resistance,3,10,2,8,Haruun Kal
2025-07-08 14:15:40,662,x-wing,resistance,6,1,1,8,Socorro
2025-07-08 14:15:39,663,at-at,resistance,2,9,5,10,Haruun Kal
2025-07-08 14:15:38,664,x-wing,resistance,8,10,4,7,Bestine IV
2025-07-08 14:15:37,665,unknown,resistance,10,8,4,1,Iridonia
2025-07-08 14:15:36,666,stormtrooper,empire,7,5,10,3,Serenno
2025-07-08 14:15:35,667,tie_fighter,resistance,3,3,7,3,Kalee
2025-07-08 14:15:34,668,resistance_soldier,resistance,9,9,7,10,Trandosha
2025-07-08 14:15:33,669,unknown,resistance,9,7,9,3,Malastare
2025-07-08 14:15:32,670,tie_fighter,resistance,8,6,7,2,Ryloth
2025-07-08 14:15:31,671,x-wing,empire,7,1,6,2,Dorin
2025-07-08 14:15:30,672,tie_fighter,empire,10,2,9,3,Dorin
2025-07-08 14:15:29,673,resistance_soldier,resistance,8,8,1,10,Skako
2025-07-08 14:15:28,674,tie_silencer,resistance,2,1,3,7,Shili
2025-07-08 14:15:27,675,at-st,empire,2,2,9,5,Eriadu
2025-07-08 14:15:26,676,stormtrooper,empire,4,2,3,8,Serenno
2025-07-08 14:15:25,677,at-at,resistance,7,2,7,9,Shili
2025-07-08 14:15:24,678,tie_fighter,empire,10,4,6,9,Toydaria
2025-07-08 14:15:23,679,stormtrooper,resistance,10,4,7,8,Ryloth
2025-07-08 14:15:22,680,tie_silencer,resistance,6,5,4,9,Cerea
2025-07-08 14:15:21,681,stormtrooper,resistance,6,7,2,9,Trandosha
2025-07-08 14:15:20,682,unknown,empire,5,4,6,4,Toydaria
2025-07-08 14:15:19,683,stormtrooper,empire,1,6,3,3,Umbara
2025-07-08 14:15:18,684,stormtrooper,empire,1,9,8,7,Shili
2025-07-08 14:15:17,685,at-at,resistance,1,1,8,3,Aleen Minor
2025-07-08 14:15:16,686,resistance_soldier,empire,10,9,9,7,Serenno
2025-07-08 14:15:15,687,at-st,resistance,6,3,5,10,Troiken
2025-07-08 14:15:14,688,unknown,resistance,4,2,4,10,Sullust
2025-07-08 14:15:13,689,unknown,empire,8,4,5,9,Stewjon
2025-07-08 14:15:12,690,x-wing,resistance,2,3,5,6,Champala
2025-07-08 14:15:11,691,x-wing,resistance,4,3,1,7,Socorro
2025-07-08 14:15:10,692,x-wing,resistance,1,10,8,4,Cerea
2025-07-08 14:15:09,693,tie_silencer,empire,3,2,6,1,Naboo
2025-07-08 14:15:08,694,tie_silencer,empire,5,9,4,2,Aleen Minor
2025-07-08 14:15:07,695,unknown,empire,10,8,8,3,Trandosha
2025-07-08 14:15:06,696,tie_silencer,resistance,1,2,9,10,Ryloth
2025-07-08 14:15:05,697,at-st,empire,2,4,8,7,Stewjon
2025-07-08 14:15:04,698,unknown,empire,1,9,4,6,Kashyyyk
2025-07-08 14:15:03,699,resistance_soldier,empire,5,3,3,4,Shili
2025-07-08 14:15:02,700,stormtrooper,resistance,7,10,1,9,Ryloth
2025-07-08 14:15:01,701,tie_fighter,empire,9,7,1,10,Malastare
2025-07-08 14:15:00,702,tie_fighter,resistance,6,1,5,1,Iktotch
2025-07-08 14:14:59,703,x-wing,empire,6,8,7,7,Dorin
2025-07-08 14:14:58,704,at-st,empire,10,6,7,4,Champala
2025-07-08 14:14:57,705,tie_silencer,empire,5,4,6,5,Concord Dawn
2025-07-08 14:14:56,706,x-wing,resistance,10,4,3,1,Aleen Minor
2025-07-08 14:14:55,707,resistance_soldier,empire,1,10,8,10,Toydaria
2025-07-08 14:14:54,708,resistance_soldier,resistance,7,6,7,8,Quermia
2025-07-08 14:14:53,709,resistance_soldier,empire,9,3,10,1,Haruun Kal
2025-07-08 14:14:52,710,tie_silencer,empire,9,4,1,3,Socorro
2025-07-08 14:14:51,711,x-wing,empire,1,10,7,5,Dorin
2025-07-08 14:14:50,712,stormtrooper,empire,9,10,8,1,Dathomir
2025-07-08 14:14:49,713,resistance_soldier,resistance,6,3,6,9,Alderaan
2025-07-08 14:14:48,714,stormtrooper,resistance,8,1,7,5,Kashyyyk
2025-07-08 14:14:47,715,tie_silencer,resistance,2,6,5,8,Alderaan
2025-07-08 14:14:46,716,stormtrooper,resistance,9,4,6,5,Ojom
2025-07-08 14:14:45,717,at-st,empire,7,8,5,6,Kalee
2025-07-08 14:14:44,718,unknown,empire,8,3,2,1,Ojom
2025-07-08 14:14:43,719,tie_silencer,empire,7,9,9,1,Skako
2025-07-08 14:14:42,720,tie_silencer,empire,5,9,8,2,Haruun Kal
2025-07-08 14:14:41,721,tie_fighter,resistance,2,8,10,2,Mon Cala
2025-07-08 14:14:40,722,stormtrooper,resistance,3,9,8,5,Malastare
2025-07-08 14:14:39,723,x-wing,resistance,2,9,4,6,Vulpter
2025-07-08 14:14:38,724,stormtrooper,resistance,3,8,8,5,Dathomir
2025-07-08 14:14:37,725,at-at,resistance,4,1,4,6,Zolan
2025-07-08 14:14:36,726,unknown,empire,7,8,1,1,Glee Anselm
2025-07-08 14:14:35,727,unknown,empire,6,5,10,3,Toydaria
2025-07-08 14:14:34,728,tie_fighter,resistance,3,4,10,1,Kashyyyk
2025-07-08 14:14:33,729,resistance_soldier,resistance,9,4,2,5,Socorro
2025-07-08 14:14:32,730,resistance_soldier,resistance,4,2,10,10,Umbara
2025-07-08 14:14:31,731,resistance_soldier,empire,4,8,2,5,Skako
2025-07-08 14:14:30,732,at-st,empire,2,10,10,1,Cerea
2025-07-08 14:14:29,733,tie_silencer,resistance,9,3,6,10,Haruun Kal
2025-07-08 14:14:28,734,unknown,resistance,7,2,9,7,Zolan
2025-07-08 14:14:27,735,resistance_soldier,resistance,8,6,6,3,Troiken
2025-07-08 14:14:26,736,x-wing,empire,5,7,5,7,Concord Dawn
2025-07-08 14:14:25,737,x-wing,empire,10,3,2,9,Muunilinst
2025-07-08 14:14:24,738,x-wing,empire,8,7,5,8,Concord Dawn
2025-07-08 14:14:23,739,at-st,empire,1,4,9,3,Serenno
2025-07-08 14:14:22,740,tie_silencer,empire,4,9,1,7,Skako
2025-07-08 14:14:21,741,stormtrooper,empire,6,3,9,6,Vulpter
2025-07-08 14:14:20,742,tie_fighter,empire,5,3,8,7,Muunilinst
2025-07-08 14:14:19,743,x-wing,resistance,5,5,5,5,Kashyyyk
2025-07-08 14:14:18,744,at-st,resistance,8,1,5,9,Alderaan
2025-07-08 14:14:17,745,resistance_soldier,empire,8,6,5,3,Aleen Minor
2025-07-08 14:14:16,746,resistance_soldier,resistance,6,2,4,3,Alderaan
2025-07-08 14:14:15,747,tie_silencer,resistance,8,2,5,5,Vulpter
2025-07-08 14:14:14,748,x-wing,empire,6,8,7,7,Mon Cala
2025-07-08 14:14:13,749,at-st,resistance,3,2,8,10,Shili
2025-07-08 14:14:12,750,tie_silencer,empire,7,5,2,8,Socorro
2025-07-08 14:14:11,751,x-wing,empire,5,2,3,10,Mirial
2025-07-08 14:14:10,752,tie_fighter,resistance,5,1,5,6,Mon Cala
2025-07-08 14:14:09,753,tie_fighter,empire,1,1,7,9,Zolan
2025-07-08 14:14:08,754,tie_fighter,resistance,2,5,5,5,Ryloth
2025-07-08 14:14:07,755,stormtrooper,resistance,7,3,1,10,Iridonia
2025-07-08 14:14:06,756,tie_fighter,resistance,3,1,6,6,Umbara
2025-07-08 14:14:05,757,tie_silencer,empire,3,9,2,6,Umbara
2025-07-08 14:14:04,758,tie_fighter,resistance,1,3,9,9,Malastare
2025-07-08 14:14:03,759,resistance_soldier,empire,1,6,6,7,Serenno
2025-07-08 14:14:02,760,tie_silencer,resistance,10,9,7,5,Dorin
2025-07-08 14:14:01,761,tie_silencer,empire,7,3,8,5,Mirial
2025-07-08 14:14:00,762,resistance_soldier,resistance,7,5,8,2,Concord Dawn
2025-07-08 14:13:59,763,resistance_soldier,resistance,9,2,2,2,Tholoth
2025-07-08 14:13:58,764,x-wing,resistance,10,3,7,8,Eriadu
2025-07-08 14:13:57,765,at-at,resistance,7,10,4,8,Dathomir
2025-07-08 14:13:56,766,stormtrooper,empire,10,1,7,10,Shili
2025-07-08 14:13:55,767,tie_fighter,resistance,7,8,2,7,Alderaan
2025-07-08 14:13:54,768,at-st,resistance,4,4,4,8,Shili
2025-07-08 14:13:53,769,x-wing,resistance,3,6,2,6,Glee Anselm
2025-07-08 14:13:52,770,tie_fighter,empire,2,2,5,10,Tholoth
2025-07-08 14:13:51,771,tie_silencer,empire,7,4,4,8,Haruun Kal
2025-07-08 14:13:50,772,at-st,empire,5,3,9,10,Zolan
2025-07-08 14:13:49,773,tie_fighter,resistance,5,4,1,2,Socorro
2025-07-08 14:13:48,774,resistance_soldier,empire,8,1,8,4,Vulpter
2025-07-08 14:13:47,775,resistance_soldier,empire,4,10,3,3,Tatooine
2025-07-08 14:13:46,776,tie_fighter,resistance,5,7,9,6,Chandrila
2025-07-08 14:13:45,777,resistance_soldier,empire,6,10,4,10,Skako
2025-07-08 14:13:44,778,tie_silencer,resistance,7,3,10,1,Zolan
2025-07-08 14:13:43,779,x-wing,empire,8,2,9,10,Muunilinst
2025-07-08 14:13:42,780,stormtrooper,resistance,8,10,1,9,Mirial
2025-07-08 14:13:41,781,tie_fighter,resistance,1,9,5,5,Rodia
2025-07-08 14:13:40,782,unknown,empire,5,8,3,5,Dorin
2025-07-08 14:13:39,783,tie_fighter,resistance,9,10,8,5,Glee Anselm
2025-07-08 14:13:38,784,at-at,resistance,8,1,4,8,Glee Anselm
2025-07-08 14:13:37,785,at-at,resistance,6,2,3,7,Kalee
2025-07-08 14:13:36,786,unknown,empire,5,2,4,4,Muunilinst
2025-07-08 14:13:35,787,stormtrooper,resistance,10,7,8,8,Umbara
2025-07-08 14:13:34,788,stormtrooper,resistance,10,7,3,9,Serenno
2025-07-08 14:13:33,789,stormtrooper,resistance,3,7,10,5,Rodia
2025-07-08 14:13:32,790,tie_silencer,empire,5,2,8,2,Iktotch
2025-07-08 14:13:31,791,stormtrooper,empire,4,3,9,7,Serenno
2025-07-08 14:13:30,792,at-at,resistance,7,2,1,6,Concord Dawn
2025-07-08 14:13:29,793,stormtrooper,empire,1,6,9,2,Toydaria
2025-07-08 14:13:28,794,stormtrooper,resistance,9,4,6,1,Quermia
2025-07-08 14:13:27,795,at-at,empire,7,9,2,4,Eriadu
2025-07-08 14:13:26,796,at-st,empire,7,7,3,3,Bestine IV
2025-07-08 14:13:25,797,unknown,resistance,6,1,5,7,Mon Cala
2025-07-08 14:13:24,798,resistance_soldier,empire,6,4,1,2,Concord Dawn
2025-07-08 14:13:23,799,resistance_soldier,resistance,4,10,2,9,Skako
2025-07-08 14:13:22,800,unknown,resistance,7,9,5,8,Alderaan
2025-07-08 14:13:21,801,resistance_soldier,resistance,4,1,5,6,Iktotch
2025-07-08 14:13:20,802,stormtrooper,empire,4,8,10,3,Concord Dawn
2025-07-08 14:13:19,803,at-at,resistance,7,1,4,8,Alderaan
2025-07-08 14:13:18,804,resistance_soldier,resistance,1,10,6,1,Umbara
2025-07-08 14:13:17,805,x-wing,empire,10,9,3,8,Zolan
2025-07-08 14:13:16,806,stormtrooper,resistance,4,10,2,9,Haruun Kal
2025-07-08 14:13:15,807,tie_fighter,resistance,8,1,4,6,Chandrila
2025-07-08 14:13:14,808,x-wing,empire,4,4,4,10,Skako
2025-07-08 14:13:13,809,tie_silencer,resistance,4,9,5,1,Iridonia
2025-07-08 14:13:12,810,at-st,resistance,7,2,5,8,Chandrila
2025-07-08 14:13:11,811,at-at,resistance,7,7,4,3,Umbara
2025-07-08 14:13:10,812,at-st,resistance,8,10,2,10,Mirial
2025-07-08 14:13:09,813,at-st,empire,2,3,8,9,Ryloth
2025-07-08 14:13:08,814,resistance_soldier,resistance,4,2,10,5,Bestine IV
2025-07-08 14:13:07,815,at-st,resistance,2,3,3,5,Cerea
2025-07-08 14:13:06,816,tie_silencer,empire,5,4,7,8,Quermia
2025-07-08 14:13:05,817,at-at,empire,9,1,10,7,Serenno
2025-07-08 14:13:04,818,stormtrooper,empire,2,7,10,10,Tatooine
2025-07-08 14:13:03,819,resistance_soldier,resistance,3,7,7,2,Naboo
2025-07-08 14:13:02,820,stormtrooper,resistance,6,8,7,9,Glee Anselm
2025-07-08 14:13:01,821,at-st,empire,6,9,2,8,Shili
2025-07-08 14:13:00,822,at-st,empire,4,3,10,6,Dathomir
2025-07-08 14:12:59,823,tie_silencer,empire,9,8,2,8,Dagobah
2025-07-08 14:12:58,824,stormtrooper,empire,3,3,8,9,Champala
2025-07-08 14:12:57,825,at-at,empire,2,2,5,7,Serenno
2025-07-08 14:12:56,826,tie_fighter,resistance,3,1,7,4,Umbara
2025-07-08 14:12:55,827,unknown,resistance,1,4,3,4,Quermia
2025-07-08 14:12:54,828,unknown,resistance,8,4,8,3,Bestine IV
2025-07-08 14:12:53,829,at-st,empire,4,9,10,1,Tholoth
2025-07-08 14:12:52,830,tie_silencer,empire,10,6,5,1,Kalee
2025-07-08 14:12:51,831,resistance_soldier,resistance,1,3,2,7,Corellia
2025-07-08 14:12:50,832,stormtrooper,empire,7,5,10,8,Chandrila
2025-07-08 14:12:49,833,at-st,resistance,8,2,8,5,Naboo
2025-07-08 14:12:48,834,resistance_soldier,resistance,7,7,10,8,Skako
2025-07-08 14:12:47,835,tie_fighter,empire,4,6,3,8,Ojom
2025-07-08 14:12:46,836,resistance_soldier,resistance,3,1,5,1,Iktotch
2025-07-08 14:12:45,837,at-at,empire,9,5,9,7,Zolan
2025-07-08 14:12:44,838,x-wing,resistance,4,5,2,8,Kashyyyk
2025-07-08 14:12:43,839,at-at,empire,8,7,7,4,Troiken
2025-07-08 14:12:42,840,tie_silencer,resistance,6,2,7,9,Eriadu
2025-07-08 14:12:41,841,at-at,resistance,2,1,2,9,Sullust
2025-07-08 14:12:40,842,tie_fighter,empire,5,1,1,3,Rodia
2025-07-08 14:12:39,843,unknown,empire,5,3,2,6,Cerea
2025-07-08 14:12:38,844,at-st,empire,1,7,5,3,Champala
2025-07-08 14:12:37,845,at-st,empire,1,4,8,5,Rodia
2025-07-08 14:12:36,846,tie_silencer,resistance,8,7,4,5,Cerea
2025-07-08 14:12:35,847,resistance_soldier,empire,7,3,5,10,Serenno
2025-07-08 14:12:34,848,unknown,empire,1,7,10,4,Vulpter
2025-07-08 14:12:33,849,at-st,resistance,4,10,2,8,Troiken
2025-07-08 14:12:32,850,unknown,empire,10,5,9,1,Eriadu
2025-07-08 14:12:31,851,at-st,resistance,7,3,2,8,Ojom
2025-07-08 14:12:30,852,tie_silencer,empire,3,5,7,10,Ryloth
2025-07-08 14:12:29,853,at-st,resistance,9,10,2,3,Dathomir
2025-07-08 14:12:28,854,x-wing,empire,1,8,10,9,Haruun Kal
2025-07-08 14:12:27,855,tie_fighter,resistance,10,9,6,6,Mirial
2025-07-08 14:12:26,856,unknown,resistance,7,9,9,4,Aleen Minor
2025-07-08 14:12:25,857,tie_fighter,empire,3,9,3,3,Serenno
2025-07-08 14:12:24,858,stormtrooper,resistance,4,5,9,10,Mon Cala
2025-07-08 14:12:23,859,x-wing,resistance,8,1,7,3,Zolan
2025-07-08 14:12:22,860,x-wing,resistance,9,5,10,6,Mirial
2025-07-08 14:12:21,861,tie_fighter,resistance,4,6,9,5,Sullust
2025-07-08 14:12:20,862,stormtrooper,empire,1,7,4,4,Trandosha
2025-07-08 14:12:19,863,tie_fighter,empire,5,9,4,8,Serenno
2025-07-08 14:12:18,864,at-st,empire,2,10,10,4,Socorro
2025-07-08 14:12:17,865,at-st,empire,4,8,2,2,Aleen Minor
2025-07-08 14:12:16,866,tie_fighter,empire,9,8,2,1,Tund
2025-07-08 14:12:15,867,tie_fighter,resistance,7,10,6,4,Dathomir
2025-07-08 14:12:14,868,unknown,empire,8,7,10,1,Concord Dawn
2025-07-08 14:12:13,869,tie_silencer,resistance,8,1,6,1,Shili
2025-07-08 14:12:12,870,x-wing,resistance,7,9,4,1,Mirial
2025-07-08 14:12:11,871,stormtrooper,resistance,9,4,3,6,Shili
2025-07-08 14:12:10,872,tie_silencer,empire,9,7,4,3,Zolan
2025-07-08 14:12:09,873,at-at,empire,10,10,3,10,Ojom
2025-07-08 14:12:08,874,resistance_soldier,empire,7,3,9,6,Zolan
2025-07-08 14:12:07,875,at-st,resistance,6,5,6,8,Ryloth
2025-07-08 14:12:06,876,resistance_soldier,empire,2,7,10,6,Iktotch
2025-07-08 14:12:05,877,stormtrooper,resistance,3,9,7,3,Concord Dawn
2025-07-08 14:12:04,878,at-st,resistance,7,3,5,6,Haruun Kal
2025-07-08 14:12:03,879,at-st,resistance,5,4,10,10,Ryloth
2025-07-08 14:12:02,880,stormtrooper,empire,4,3,7,1,Dagobah
2025-07-08 14:12:01,881,stormtrooper,resistance,1,8,3,5,Alderaan
2025-07-08 14:12:00,882,resistance_soldier,empire,6,3,2,5,Champala
2025-07-08 14:11:59,883,tie_silencer,resistance,5,7,2,8,Chandrila
2025-07-08 14:11:58,884,tie_silencer,empire,9,9,3,2,Haruun Kal
2025-07-08 14:11:57,885,unknown,empire,2,3,6,7,Shili
2025-07-08 14:11:56,886,tie_fighter,resistance,5,8,6,9,Naboo
2025-07-08 14:11:55,887,tie_fighter,resistance,4,5,1,4,Malastare
2025-07-08 14:11:54,888,x-wing,resistance,2,6,2,5,Glee Anselm
2025-07-08 14:11:53,889,at-at,empire,7,2,8,8,Socorro
2025-07-08 14:11:52,890,stormtrooper,empire,1,3,6,2,Dorin
2025-07-08 14:11:51,891,tie_silencer,empire,3,2,4,5,Toydaria
2025-07-08 14:11:50,892,x-wing,empire,2,9,10,9,Dorin
2025-07-08 14:11:49,893,x-wing,resistance,1,3,3,1,Chandrila
2025-07-08 14:11:48,894,tie_silencer,resistance,7,8,6,1,Vulpter
2025-07-08 14:11:47,895,tie_silencer,resistance,3,4,6,6,Troiken
2025-07-08 14:11:46,896,at-at,empire,8,3,4,5,Malastare
2025-07-08 14:11:45,897,unknown,empire,5,9,7,5,Rodia
2025-07-08 14:11:44,898,unknown,empire,8,5,6,10,Corellia
2025-07-08 14:11:43,899,at-at,resistance,1,8,2,8,Dagobah
2025-07-08 14:11:42,900,x-wing,empire,5,5,9,8,Dagobah
2025-07-08 14:11:41,901,tie_fighter,empire,1,9,4,9,Mon Cala
2025-07-08 14:11:40,902,at-st,empire,1,8,5,2,Tund
2025-07-08 14:11:39,903,at-at,empire,10,10,10,9,Malastare
2025-07-08 14:11:38,904,tie_silencer,empire,10,3,7,9,Vulpter
2025-07-08 14:11:37,905,x-wing,resistance,3,4,9,3,Vulpter
2025-07-08 14:11:36,906,stormtrooper,empire,4,4,3,5,Tholoth
2025-07-08 14:11:35,907,tie_silencer,empire,4,10,4,4,Malastare
2025-07-08 14:11:34,908,x-wing,empire,3,2,2,2,Concord Dawn
2025-07-08 14:11:33,909,x-wing,resistance,5,9,6,7,Chandrila
2025-07-08 14:11:32,910,tie_fighter,empire,3,9,5,3,Zolan
2025-07-08 14:11:31,911,unknown,resistance,10,1,8,5,Rodia
2025-07-08 14:11:30,912,x-wing,empire,5,5,8,5,Cerea
2025-07-08 14:11:29,913,x-wing,empire,9,10,2,3,Glee Anselm
2025-07-08 14:11:28,914,at-at,resistance,5,4,10,6,Trandosha
2025-07-08 14:11:27,915,at-st,resistance,8,3,7,3,Troiken
2025-07-08 14:11:26,916,tie_silencer,resistance,4,4,5,2,Shili
2025-07-08 14:11:25,917,tie_fighter,resistance,8,9,10,10,Troiken
2025-07-08 14:11:24,918,x-wing,resistance,2,2,6,1,Dathomir
2025-07-08 14:11:23,919,at-st,resistance,1,2,2,2,Cerea
2025-07-08 14:11:22,920,stormtrooper,empire,3,3,8,10,Skako
2025-07-08 14:11:21,921,x-wing,resistance,5,7,8,6,Naboo
2025-07-08 14:11:20,922,at-at,resistance,10,7,9,4,Cerea
2025-07-08 14:11:19,923,stormtrooper,resistance,10,7,4,2,Aleen Minor
2025-07-08 14:11:18,924,at-at,resistance,10,1,5,8,Shili
2025-07-08 14:11:17,925,tie_fighter,resistance,10,3,10,5,Sullust
2025-07-08 14:11:16,926,x-wing,resistance,9,1,9,6,Alderaan
2025-07-08 14:11:15,927,stormtrooper,empire,3,2,5,7,Naboo
2025-07-08 14:11:14,928,x-wing,empire,9,4,10,7,Malastare
2025-07-08 14:11:13,929,at-at,resistance,10,5,1,2,Kalee
2025-07-08 14:11:12,930,x-wing,resistance,2,5,10,3,Tatooine
2025-07-08 14:11:11,931,tie_fighter,empire,8,3,6,8,Eriadu
2025-07-08 14:11:10,932,at-st,resistance,7,10,5,9,Sullust
2025-07-08 14:11:09,933,tie_fighter,resistance,2,2,5,7,Aleen Minor
2025-07-08 14:11:08,934,resistance_soldier,resistance,2,1,6,4,Mon Cala
2025-07-08 14:11:07,935,resistance_soldier,resistance,6,4,8,7,Dorin
2025-07-08 14:11:06,936,stormtrooper,resistance,6,7,6,10,Dorin
2025-07-08 14:11:05,937,at-st,empire,10,7,1,1,Bestine IV
2025-07-08 14:11:04,938,tie_fighter,resistance,3,8,3,5,Naboo
2025-07-08 14:11:03,939,x-wing,resistance,7,7,10,8,Dorin
2025-07-08 14:11:02,940,at-at,empire,10,2,9,8,Dathomir
2025-07-08 14:11:01,941,at-st,resistance,2,4,10,4,Chandrila
2025-07-08 14:11:00,942,unknown,empire,1,6,2,6,Bestine IV
2025-07-08 14:10:59,943,tie_silencer,empire,1,9,2,5,Serenno
2025-07-08 14:10:58,944,unknown,empire,8,10,6,7,Zolan
2025-07-08 14:10:57,945,at-at,empire,6,4,3,3,Ojom
2025-07-08 14:10:56,946,x-wing,empire,9,6,4,3,Cerea
2025-07-08 14:10:55,947,at-at,resistance,2,10,6,4,Shili
2025-07-08 14:10:54,948,unknown,resistance,9,3,10,2,Tatooine
2025-07-08 14:10:53,949,tie_fighter,empire,7,5,3,1,Serenno
2025-07-08 14:10:52,950,x-wing,empire,2,3,4,3,Cerea
2025-07-08 14:10:51,951,stormtrooper,resistance,8,2,2,7,Haruun Kal
2025-07-08 14:10:50,952,unknown,resistance,10,8,8,6,Kashyyyk
2025-07-08 14:10:49,953,at-st,empire,2,5,4,8,Iktotch
2025-07-08 14:10:48,954,unknown,empire,7,9,10,7,Shili
2025-07-08 14:10:47,955,tie_fighter,resistance,7,3,5,10,Naboo
2025-07-08 14:10:46,956,stormtrooper,empire,8,7,1,2,Muunilinst
2025-07-08 14:10:45,957,at-st,resistance,2,3,7,10,Sullust
2025-07-08 14:10:44,958,resistance_soldier,empire,7,4,9,7,Serenno
2025-07-08 14:10:43,959,tie_fighter,resistance,6,9,5,10,Alderaan
2025-07-08 14:10:42,960,at-st,empire,3,3,2,4,Corellia
2025-07-08 14:10:41,961,tie_silencer,empire,7,1,7,8,Malastare
2025-07-08 14:10:40,962,unknown,resistance,2,2,6,8,Ryloth
2025-07-08 14:10:39,963,x-wing,empire,1,8,1,3,Socorro
2025-07-08 14:10:38,964,stormtrooper,resistance,7,3,3,9,Chandrila
2025-07-08 14:10:37,965,at-st,empire,2,2,2,2,Serenno
2025-07-08 14:10:36,966,unknown,empire,9,4,2,6,Aleen Minor
2025-07-08 14:10:35,967,tie_fighter,empire,2,9,8,4,Iktotch
2025-07-08 14:10:34,968,unknown,resistance,9,8,2,7,Toydaria
2025-07-08 14:10:33,969,at-at,resistance,5,10,4,1,Rodia
2025-07-08 14:10:32,970,resistance_soldier,empire,3,9,3,4,Dagobah
2025-07-08 14:10:31,971,tie_silencer,resistance,7,10,6,9,Malastare
2025-07-08 14:10:30,972,tie_silencer,empire,5,3,9,5,Kalee
2025-07-08 14:10:29,973,at-st,resistance,8,7,6,9,Iridonia
2025-07-08 14:10:28,974,at-st,empire,8,1,10,5,Tholoth
2025-07-08 14:10:27,975,stormtrooper,resistance,7,8,9,1,Dathomir
2025-07-08 14:10:26,976,unknown,resistance,10,5,6,10,Naboo
2025-07-08 14:10:25,977,resistance_soldier,resistance,9,2,2,5,Iridonia
2025-07-08 14:10:24,978,at-st,empire,4,6,4,5,Aleen Minor
2025-07-08 14:10:23,979,stormtrooper,empire,2,1,4,4,Shili
2025-07-08 14:10:22,980,at-st,resistance,5,2,4,10,Chandrila
2025-07-08 14:10:21,981,at-at,empire,9,2,6,6,Umbara
2025-07-08 14:10:20,982,stormtrooper,empire,10,9,2,4,Chandrila
2025-07-08 14:10:19,983,resistance_soldier,resistance,7,5,4,10,Trandosha
2025-07-08 14:10:18,984,at-st,resistance,1,10,10,2,Alderaan
2025-07-08 14:10:17,985,at-at,resistance,8,1,5,1,Eriadu
2025-07-08 14:10:16,986,resistance_soldier,empire,6,8,4,10,Kalee
2025-07-08 14:10:15,987,x-wing,empire,9,4,10,1,Bestine IV
2025-07-08 14:10:14,988,tie_fighter,resistance,4,6,7,9,Malastare
2025-07-08 14:10:13,989,x-wing,empire,2,3,8,4,Dagobah
2025-07-08 14:10:12,990,at-st,empire,5,2,5,2,Tund
2025-07-08 14:10:11,991,at-at,resistance,1,8,1,9,Umbara
2025-07-08 14:10:10,992,at-st,resistance,6,4,6,2,Socorro
2025-07-08 14:10:09,993,at-at,resistance,1,2,6,10,Alderaan
2025-07-08 14:10:08,994,tie_silencer,empire,9,3,9,6,Corellia
2025-07-08 14:10:07,995,x-wing,resistance,9,2,3,2,Ojom
2025-07-08 14:10:06,996,tie_silencer,resistance,9,8,6,3,Toydaria
2025-07-08 14:10:05,997,resistance_soldier,empire,9,7,10,7,Champala
2025-07-08 14:10:04,998,unknown,empire,1,5,3,3,Zolan
2025-07-08 14:10:03,999,tie_silencer,resistance,4,1,9,2,Mon Cala
2025-07-08 14:10:02,1000,at-st,resistance,10,4,6,2,Chandrila
